{
  "development": {
    "username": "root",
    "password": "root",
    "database": "database_development",
    "host": "127.0.0.1",
    "dialect": "mysql",
    "port": 3306
  },
  "test": {
    "username": "root",
    "password": "root",
    "database": "database_test",
    "host": "127.0.0.1",
    "dialect": "mysql",
    "port": 3306
  },
  "production": {
    "username": "root",
    "password": "root",
    "database": "database_production",
    "host": "127.0.0.1",
    "dialect": "mysql",
    "port": 3306
  },
  "staging": {
    "username": "root",
    "password": "root",
    "database": "database_stagin",
    "host": "127.0.0.1",
    "dialect": "mysql",
    "port": 3306
  }
}
